1525243374337	Bing	add_to_cart		visitors-88766	pages-0	Inferno
1525243376837	Direct	page_view		visitors-64624	pages-12	Trail Star
1525243376837	Other	page_view		visitors-10957	pages-14	Bear Survival Edge
1525243376837	Google	page_view		visitors-88390	pages-13	Granite Pulley
1525243376937	Bing	page_view		visitors-46051	pages-4	Venue
1525243376937	Yahoo	page_view		visitors-44028	pages-12	BugShield Spray
1525243376937	Facebook	page_view		visitors-49289	pages-11	Aloe Relief
1525243377037	Yahoo	page_view		visitors-40770	pages-6	Lady Hailstorm Steel Irons
1525243377037	Facebook	page_view		visitors-65653	pages-13	Retro
1525243377037	Other	page_view		visitors-88616	pages-8	TrailChef Water Bag
1525243377137	Bing	page_view		visitors-47625	pages-8	Glacier Basic
1525243377137	Direct	purchase		visitors-70538	pages-7	Blue Steel Putter
1525243377137	Yahoo	page_view		visitors-69982	pages-0	Polar Wave
1525243377137	Other	page_view		visitors-36444	pages-6	Hailstorm Titanium Woods Set
1525243377137	Facebook	page_view		visitors-735	pages-1	TX
1525243377237	Direct	page_view		visitors-55812	pages-2	Husky Harness Extreme
1525243377237	Yahoo	page_view		visitors-77833	pages-6	Canyon Mule Weekender Backpack
1525243377237	Yahoo	page_view		visitors-70294	pages-5	BugShield Lotion Lite
1525243377237	Bing	page_view		visitors-94051	pages-7	Max Gizmo
1525243377337	Facebook	page_view		visitors-56916	pages-11	Legend
1525243377337	Twitter	page_view		visitors-56683	pages-0	Mountain Man Deluxe
1525243377337	Twitter	page_view		visitors-94056	pages-13	TX
1525243377337	Other	page_view		visitors-72574	pages-8	TrailChef Water Bag
1525243377337	Twitter	page_view		visitors-14925	pages-12	Infinity
1525243377337	Google	page_view		visitors-6145	pages-1	Pocket Gizmo
1525243377437	Other	page_view		visitors-91882	pages-5	Sun Blocker
1525243377437	Facebook	page_view		visitors-20227	pages-8	Blue Steel Putter
1525243377437	Yahoo	page_view		visitors-39634	pages-9	EverGlow Single
1525243377437	Yahoo	page_view		visitors-1044	pages-10	Lady Hailstorm Titanium Woods Set
1525243377437	Other	page_view		visitors-47647	pages-3	Compact Relief Kit
1525243377537	Direct	page_view		visitors-11387	pages-1	Mountain Man Deluxe
1525243377637	Facebook	page_view		visitors-16102	pages-10	Cat Eye
1525243378037	Direct	page_view		visitors-76925	pages-3	Maximus
1525243378037	Facebook	page_view		visitors-22500	pages-4	Fairway
1525243378037	Yahoo	page_view		visitors-68762	pages-12	Husky Rope 100
1525243378037	Twitter	page_view		visitors-67698	pages-12	Hibernator Pad
1525243378037	Yahoo	page_view		visitors-60097	pages-4	Firefly 2
1525243378037	Direct	page_view		visitors-91699	pages-3	Glacier GPS Extreme
1525243378037	Facebook	page_view		visitors-53971	pages-2	Bear Survival Edge
1525243378137	Yahoo	page_view		visitors-14741	pages-9	Husky Rope 60
1525243378137	Direct	page_view		visitors-36889	pages-7	Infinity
1525243378137	Google	page_view		visitors-67415	pages-11	Fairway
1525243378137	Bing	page_view		visitors-48133	pages-11	Blue Steel Max Putter
1525243378137	Google	page_view		visitors-44391	pages-4	Glacier GPS
1525243378137	Bing	page_view		visitors-16785	pages-12	Mountain Man Deluxe
1525243378137	Yahoo	page_view		visitors-99881	pages-5	Husky Harness
1525243378137	Google	page_view		visitors-4273	pages-1	Star Gazer 6
1525243378137	Yahoo	page_view		visitors-57158	pages-1	Canyon Mule Cooler
1525243378237	Direct	page_view		visitors-52330	pages-5	TrailChef Cup
1525243378237	Facebook	page_view		visitors-71976	pages-14	TrailChef Canteen
1525243378237	Facebook	page_view		visitors-32873	pages-6	Granite Belay
1525243378237	Bing	page_view		visitors-50242	pages-5	Double Edge
1525243378237	Yahoo	page_view		visitors-45406	pages-11	Cat Eye
1525243378237	Yahoo	page_view		visitors-36054	pages-5	Sun Shield
1525243378237	Yahoo	page_view		visitors-88550	pages-14	Zodiak
1525243378237	Yahoo	page_view		visitors-91557	pages-2	Legend
1525243378337	Google	page_view		visitors-27007	pages-3	Hawk Eye
1525243378337	Direct	page_view		visitors-97006	pages-5	TrailChef Canteen
1525243378337	Bing	page_view		visitors-11541	pages-8	Glacier Basic
1525243378337	Bing	page_view		visitors-98106	pages-11	Blue Steel Max Putter
1525243378337	Bing	page_view		visitors-55484	pages-8	Seeker 50
1525243378337	Bing	page_view		visitors-80033	pages-4	Canyon Mule Weekender Backpack
1525243378337	Yahoo	page_view		visitors-70702	pages-12	Canyon Mule Climber Backpack
1525243378337	Direct	page_view		visitors-6207	pages-13	Venue
1525243378437	Yahoo	page_view		visitors-1409	pages-0	Trendi
1525243378437	Yahoo	page_view		visitors-2288	pages-1	Sun Shield
1525243378437	Direct	page_view		visitors-42755	pages-12	Firefly 2
1525243378437	Direct	page_view		visitors-34471	pages-10	Canyon Mule Journey Backpack
1525243378437	Direct	page_view		visitors-53530	pages-5	Cat Eye
1525243378437	Facebook	page_view		visitors-27877	pages-5	TrailChef Cook Set
1525243378437	Yahoo	page_view		visitors-65874	pages-14	Course Pro Gloves
1525243378437	Facebook	page_view		visitors-24998	pages-7	Ranger Vision
1525243378537	Yahoo	page_view		visitors-3284	pages-12	Cat Eye
1525243378537	Direct	page_view		visitors-67275	pages-2	Mountain Man Extreme
1525243378537	Google	page_view		visitors-43415	pages-8	Star Peg
1525243378537	Yahoo	page_view		visitors-48576	pages-8	Polar Ice
1525243378537	Google	page_view		visitors-80383	pages-4	Course Pro Golf Bag
1525243378537	Yahoo	page_view		visitors-35533	pages-4	Sun Blocker
1525243378537	Other	page_view		visitors-24672	pages-11	Sun Shield
1525243378537	Other	page_view		visitors-2252	pages-8	Zone
1525243378637	Google	page_view		visitors-96243	pages-3	Canyon Mule Climber Backpack
1525243378637	Bing	page_view		visitors-45132	pages-1	Mountain Man Digital
1525243378637	Google	page_view		visitors-62877	pages-3	Polar Extreme
1525243378637	Direct	page_view		visitors-96578	pages-0	Granite Ice
1525243378637	Direct	page_view		visitors-5326	pages-8	Hibernator
1525243378637	Facebook	page_view		visitors-51032	pages-10	Bella
1525243378637	Other	page_view		visitors-50003	pages-8	Seeker Mini
1525243378637	Yahoo	page_view		visitors-57028	pages-14	Dante
1525243378737	Other	page_view		visitors-9207	pages-2	Insect Bite Relief
1525243378737	Other	page_view		visitors-80207	pages-6	Edge Extreme
1525243378737	Google	page_view		visitors-98542	pages-7	Mountain Man Extreme
1525243378737	Direct	page_view		visitors-22090	pages-14	Venue
1525243378737	Yahoo	page_view		visitors-52930	pages-3	Husky Harness
1525243378837	Bing	page_view		visitors-87540	pages-1	Glacier Basic
1525243378837	Yahoo	page_view		visitors-10161	pages-6	Hibernator Camp Cot
1525243378837	Google	page_view		visitors-78374	pages-9	EverGlow Double
1525243378837	Bing	page_view		visitors-7408	pages-14	Mountain Man Analog
1525243378837	Yahoo	page_view		visitors-43208	pages-4	Insect Bite Relief
1525243378837	Other	page_view		visitors-21067	pages-1	Polar Ice
1525243378837	Bing	page_view		visitors-92214	pages-7	Max Gizmo
1525243378837	Other	page_view		visitors-12210	pages-1	BugShield Natural
1525243378837	Bing	page_view		visitors-79749	pages-5	EverGlow Butane
1525243378937	Yahoo	page_view		visitors-64456	pages-5	Glacier GPS Extreme
1525243378937	Other	page_view		visitors-56105	pages-11	Hibernator Pillow
1525243378937	Twitter	page_view		visitors-90761	pages-7	TrailChef Single Flame
1525243378937	Direct	page_view		visitors-96152	pages-6	TrailChef Deluxe Cook Set
1525243378937	Google	add_to_cart		visitors-96864	pages-11	Capri
1525243378937	Yahoo	page_view		visitors-94762	pages-0	Lux
1525243378937	Bing	page_view		visitors-81037	pages-6	Cat Eye
1525243379037	Google	page_view		visitors-96413	pages-8	BugShield Lotion
1525243379037	Yahoo	page_view		visitors-27632	pages-7	TrailChef Deluxe Cook Set
1525243379037	Other	page_view		visitors-55561	pages-7	TrailChef Double Flame
1525243379037	Twitter	add_to_cart		visitors-62408	pages-7	Calamine Relief
1525243379037	Bing	page_view		visitors-51668	pages-14	Husky Harness
1525243379037	Google	page_view		visitors-24131	pages-13	Polar Wave
1525243379037	Yahoo	page_view		visitors-97991	pages-1	Trendi
1525243379037	Google	page_view		visitors-23134	pages-5	Cat Eye
1525243379037	Facebook	page_view		visitors-62562	pages-13	Polar Sun
1525243379137	Bing	page_view		visitors-37611	pages-13	Fairway
1525243379137	Other	page_view		visitors-35392	pages-5	Max Gizmo
1525243379137	Google	page_view		visitors-71596	pages-1	Ranger Vision
1525243379137	Yahoo	page_view		visitors-31972	pages-7	Glacier Basic
1525243379237	Other	page_view		visitors-94322	pages-0	Blue Steel Putter
1525243379237	Direct	page_view		visitors-16179	pages-6	Zone
1525243379237	Twitter	page_view		visitors-15625	pages-13	Canyon Mule Extreme Backpack
1525243379237	Facebook	page_view		visitors-80237	pages-7	Firefly 4
1525243379237	Direct	page_view		visitors-50855	pages-13	Sun Shield
1525243379237	Other	page_view		visitors-18126	pages-11	Husky Rope 50
1525243379237	Facebook	page_view		visitors-80557	pages-3	Aloe Relief
1525243379337	Other	purchase		visitors-74591	pages-8	Astro Pilot
1525243379337	Facebook	page_view		visitors-7735	pages-1	TrailChef Kitchen Kit
1525243379337	Twitter	page_view		visitors-43766	pages-9	BugShield Natural
1525243379337	Twitter	page_view		visitors-25772	pages-11	Sun Shelter 15
1525243379337	Other	page_view		visitors-38630	pages-5	Hibernator Camp Cot
1525243379337	Twitter	purchase		visitors-56986	pages-13	TrailChef Water Bag
1525243379337	Twitter	page_view		visitors-87155	pages-13	TrailChef Cook Set
1525243379537	Twitter	page_view		visitors-89470	pages-5	Polar Sun
1525243379637	Twitter	page_view		visitors-62609	pages-0	Star Lite
1525243379637	Facebook	page_view		visitors-25510	pages-11	Maximus
1525243379637	Google	page_view		visitors-63673	pages-11	Infinity
1525243379637	Other	page_view		visitors-15743	pages-10	Kodiak
1525243379637	Google	page_view		visitors-26635	pages-5	Course Pro Putter
1525243379637	Other	page_view		visitors-94372	pages-5	Astro Pilot
1525243379637	Twitter	page_view		visitors-39409	pages-10	Opera Vision
1525243379637	Yahoo	page_view		visitors-98894	pages-8	TX
1525243379637	Twitter	page_view		visitors-36599	pages-10	EverGlow Single
1525243379637	Google	page_view		visitors-15101	pages-1	Zone
1525243379637	Other	page_view		visitors-9222	pages-3	Max Gizmo
1525243379637	Yahoo	page_view		visitors-81235	pages-2	Polar Sports
1525243379737	Direct	page_view		visitors-22504	pages-6	Firefly Lite
1525243379737	Facebook	page_view		visitors-84401	pages-0	Canyon Mule Weekender Backpack
1525243379737	Facebook	page_view		visitors-82764	pages-1	Legend
1525243379737	Direct	page_view		visitors-96546	pages-6	Husky Harness Extreme
1525243379737	Other	page_view		visitors-16351	pages-0	Capri
1525243379737	Twitter	page_view		visitors-33347	pages-0	Hailstorm Titanium Irons
1525243379737	Bing	page_view		visitors-14156	pages-10	TrailChef Water Bag
1525243379737	Facebook	page_view		visitors-15606	pages-5	Granite Carabiner
1525243379737	Facebook	page_view		visitors-56798	pages-14	Blue Steel Putter
1525243379737	Twitter	page_view		visitors-75348	pages-11	Hibernator Lite
1525243379737	Facebook	page_view		visitors-6124	pages-8	Infinity
1525243379737	Bing	page_view		visitors-52636	pages-2	Hibernator Pillow
1525243379737	Facebook	page_view		visitors-89546	pages-2	TrailChef Cook Set
1525243379837	Other	page_view		visitors-31562	pages-0	Opera Vision
1525243379837	Yahoo	page_view		visitors-14682	pages-4	Ranger Vision
1525243379837	Direct	page_view		visitors-52013	pages-8	Auto Pilot
1525243379837	Facebook	page_view		visitors-98910	pages-11	Pocket Gizmo
1525243379837	Bing	page_view		visitors-56876	pages-12	TrailChef Utensils
1525243379837	Yahoo	page_view		visitors-54839	pages-2	Hibernator Pillow
1525243379837	Facebook	page_view		visitors-39126	pages-5	Hibernator Camp Cot
1525243379837	Facebook	page_view		visitors-46347	pages-13	Dante
1525243379837	Other	page_view		visitors-6445	pages-12	Course Pro Putter
1525243379837	Other	page_view		visitors-68128	pages-7	Trendi
1525243379837	Yahoo	page_view		visitors-37432	pages-9	Polar Sun
1525243379837	Direct	purchase		visitors-64044	pages-2	Polar Sun
1525243379837	Direct	page_view		visitors-35458	pages-6	Firefly 2
1525243379937	Google	page_view		visitors-46201	pages-0	Seeker Extreme
1525243379937	Facebook	page_view		visitors-66567	pages-12	Lady Hailstorm Steel Irons
1525243379937	Google	page_view		visitors-3751	pages-5	Maximus
1525243379937	Other	page_view		visitors-63538	pages-8	Glacier GPS Extreme
1525243379937	Yahoo	add_to_cart		visitors-15827	pages-2	Legend
1525243379937	Twitter	page_view		visitors-31697	pages-5	TrailChef Kitchen Kit
1525243379937	Yahoo	page_view		visitors-67070	pages-7	Aloe Relief
1525243745437	Other	add_to_cart		visitors-89719	pages-5	Glacier Basic
1525243745437	Bing	page_view		visitors-34402	pages-3	EverGlow Lamp
1525243745437	Twitter	page_view		visitors-20711	pages-10	EverGlow Kerosene
1525243745437	Yahoo	page_view		visitors-1016	pages-11	TrailChef Cook Set
1525243745537	Facebook	page_view		visitors-92639	pages-10	Canyon Mule Extreme Backpack
1525243745537	Yahoo	page_view		visitors-47244	pages-7	Zodiak
1525243745537	Facebook	page_view		visitors-90940	pages-3	Sun Shield
1525243745537	Bing	page_view		visitors-63311	pages-8	BugShield Lotion
1525243745637	Google	page_view		visitors-8488	pages-2	Husky Rope 50
1525243745637	Other	page_view		visitors-8283	pages-8	Max Gizmo
1525243745637	Twitter	page_view		visitors-59549	pages-13	Glacier Basic
1525243745637	Yahoo	page_view		visitors-17025	pages-4	Cat Eye
1525243745637	Google	page_view		visitors-43429	pages-6	Compact Relief Kit
1525243745637	Bing	page_view		visitors-93974	pages-10	Astro Pilot
1525243745637	Yahoo	page_view		visitors-43797	pages-6	Infinity
1525243745637	Yahoo	page_view		visitors-11362	pages-4	Venue
1525243745637	Twitter	page_view		visitors-50983	pages-12	Cat Eye
1525243745637	Twitter	page_view		visitors-48655	pages-9	Pocket Gizmo
